Workbook

Sheet README
A1: CasinoKing - Documento 07 - Allegato A
A2: Mines Payout Table, RTP Validation e Config Analysis
A4: Scopo
A5: Questo file Excel contiene la payout table completa di Mines per le griglie 9, 16, 25, 36 e 49.
A6: Ogni configurazione usa un target RTP operativo > 90% e < 100%, il più vicino possibile al 90%.
A8: Decisioni fissate
A9: 1. Le payout runtime sono ottenute dal fair multiplier moltiplicato per il target RTP e arrotondate SEMPRE verso l'alto a 4 decimali.
A10: 2. Questo garantisce che l'RTP reale non scenda sotto la soglia target per effetto del rounding.
A11: 3. Il file e' pensato come allegato operativo dei documenti metodologici; la tabella e' pronta per essere esportata in JSON/CSV runtime-ready.
A13: Sheet guide
A14: - README: note operative e convenzioni
A15: - Controls: parametri globali e convenzioni numeriche
... A22: Nome file: CasinoKing_Documento_07_Allegato_A_Payout_Table_Mines_v3.xlsx

Sheet Controls
A1: Controls
A2: Parametri globali del modello
A3: Control | B3: Value | C3: Note
A4: Target RTP operativo | B4: 0.9001 | C4: Percentuale obiettivo > 90% e < 100%
A5: Display % | C5: Formattazione percentuale
A6: Rounding runtime multiplier | B6: 4 | C6: ROUNDUP a 4 decimali
A7: Grid size supportate | B7: 9,16,25,36,49 | C7: Valori attuali
A8: Mine count policy | B8: 1..N-1 | C8: Configurazione completa teorica
A9: Formula fair multiplier | B9: COMBIN(N,k)/COMBIN(N-M,k) | C9: N=celle totali; M=mine; k=safe reveals

Sheet Payout_Table
A1: Payout Table
A2: Formula-driven full grid x mines x safe reveal matrix
A3: grid_size | B3: mine_count | C3: max_safe_reveals | D3: safe_reveal_n | E3: fair_multiplier | F3: runtime_multiplier | G3: actual_rtp | H3: prob_safe_next | I3: config_key | J3: status
A4: 9 | B4: 1 | C4: 8 | D4: 1 | E4: =COMBIN(A4,D4)/COMBIN(A4-B4,D4) | F4: =ROUNDUP(E4*Controls!$B$4,4) | G4: =F4/E4 | H4: =(A4-B4-(D4-1))/(A4-(D4-1)) | I4: =A4&'x'&B4 | J4: =IF(AND(G4>0.9,G4<1),"OK","CHECK")
A5: 9 | B5: 1 | C5: 8 | D5: 2 | E5: =COMBIN(A5,D5)/COMBIN(A5-B5,D5) | F5: =ROUNDUP(E5*Controls!$B$4,4) | G5: =F5/E5 | H5: =(A5-B5-(D5-1))/(A5-(D5-1)) | I5: =A5&'x'&B5 | J5: =IF(AND(G5>0.9,G5<1),"OK","CHECK")
A6: 9 | B6: 1 | C6: 8 | D6: 3 | E6: =COMBIN(A6,D6)/COMBIN(A6-B6,D6) | F6: =ROUNDUP(E6*Controls!$B$4,4) | G6: =F6/E6 | H6: =(A6-B6-(D6-1))/(A6-(D6-1)) | I6: =A6&'x'&B6 | J6: =IF(AND(G6>0.9,G6<1),"OK","CHECK")
A7: 9 | B7: 1 | C7: 8 | D7: 4 | E7: =COMBIN(A7,D7)/COMBIN(A7-B7,D7) | F7: =ROUNDUP(E7*Controls!$B$4,4) | G7: =F7/E7 | H7: =(A7-B7-(D7-1))/(A7-(D7-1)) | I7: =A7&'x'&B7 | J7: =IF(AND(G7>0.9,G7<1),"OK","CHECK")
A8: 9 | B8: 1 | C8: 8 | D8: 5 | E8: =COMBIN(A8,D8)/COMBIN(A8-B8,D8) | F8: =ROUNDUP(E8*Controls!$B$4,4) | G8: =F8/E8 | H8: =(A8-B8-(D8-1))/(A8-(D8-1)) | I8: =A8&'x'&B8 | J8: =IF(AND(G8>0.9,G8<1),"OK","CHECK")
A9: 9 | B9: 1 | C9: 8 | D9: 6 | E9: =COMBIN(A9,D9)/COMBIN(A9-B9,D9) | F9: =ROUNDUP(E9*Controls!$B$4,4) | G9: =F9/E9 | H9: =(A9-B9-(D9-1))/(A9-(D9-1)) | I9: =A9&'x'&B9 | J9: =IF(AND(G9>0.9,G9<1),"OK","CHECK")
A10: 9 | B10: 1 | C10: 8 | D10: 7 | E10: =COMBIN(A10,D10)/COMBIN(A10-B10,D10) | F10: =ROUNDUP(E10*Controls!$B$4,4) | G10: =F10/E10 | H10: =(A10-B10-(D10-1))/(A10-(D10-1)) | I10: =A10&'x'&B10 | J10: =IF(AND(G10>0.9,G10<1),"OK","CHECK")
A11: 9 | B11: 1 | C11: 8 | D11: 8 | E11: =COMBIN(A11,D11)/COMBIN(A11-B11,D11) | F11: =ROUNDUP(E11*Controls!$B$4,4) | G11: =F11/E11 | H11: =(A11-B11-(D11-1))/(A11-(D11-1)) | I11: =A11&'x'&B11 | J11: =IF(AND(G11>0.9,G11<1),"OK","CHECK")
A12: 9 | B12: 2 | C12: 7 | D12: 1 | E12: =COMBIN(A12,D12)/COMBIN(A12-B12,D12) | F12: =ROUNDUP(E12*Controls!$B$4,4) | G12: =F12/E12 | H12: =(A12-B12-(D12-1))/(A12-(D12-1)) | I12: =A12&'x'&B12 | J12: =IF(AND(G12>0.9,G12<1),"OK","CHECK")
A13: 9 | B13: 2 | C13: 7 | D13: 2 | E13: =COMBIN(A13,D13)/COMBIN(A13-B13,D13) | F13: =ROUNDUP(E13*Controls!$B$4,4) | G13: =F13/E13 | H13: =(A13-B13-(D13-1))/(A13-(D13-1)) | I13: =A13&'x'&B13 | J13: =IF(AND(G13>0.9,G13<1),"OK","CHECK")
A14: 9 | B14: 2 | C14: 7 | D14: 3 | E14: =COMBIN(A14,D14)/COMBIN(A14-B14,D14) | F14: =ROUNDUP(E14*Controls!$B$4,4) | G14: =F14/E14 | H14: =(A14-B14-(D14-1))/(A14-(D14-1)) | I14: =A14&'x'&B14 | J14: =IF(AND(G14>0.9,G14<1),"OK","CHECK")
A15: 9 | B15: 2 | C15: 7 | D15: 4 | E15: =COMBIN(A15,D15)/COMBIN(A15-B15,D15) | F15: =ROUNDUP(E15*Controls!$B$4,4) | G15: =F15/E15 | H15: =(A15-B15-(D15-1))/(A15-(D15-1)) | I15: =A15&'x'&B15 | J15: =IF(AND(G15>0.9,G15<1),"OK","CHECK")
... A2265: 49 | B2265: 48 | C2265: 1 | D2265: 1 | E2265: =COMBIN(A2265,D2265)/COMBIN(A2265-B2265,D2265) | F2265: =ROUNDUP(E2265*Controls!$B$4,4) | G2265: =F2265/E2265 | H2265: =(A2265-B2265-(D2265-1))/(A2265-(D2265-1)) | I2265: =A2265&'x'&B2265 | J2265: =IF(AND(G2265>0.9,G2265<1),"OK","CHECK")

Sheet Config_Summary
A1: Config Summary
A2: One row per grid_size / mine_count combination
A3: grid_size | B3: mine_count | C3: max_safe_reveals | D3: row_count | E3: min_actual_rtp | F3: max_actual_rtp | G3: avg_actual_rtp | H3: first_step_runtime | I3: last_step_runtime | J3: status
A4: 9 | B4: 1 | C4: 8 | D4: 8 | E4: 0.9001 | F4: 0.90017778 | G4: 0.90012361 | H4: 1.0127 | I4: 8.1009 | J4: OK
A5: 9 | B5: 2 | C5: 7 | D5: 7 | E5: 0.9001 | F5: 0.90014167 | G5: 0.90011429 | H5: 1.1573 | I5: 32.4036 | J5: OK
A6: 9 | B6: 3 | C6: 6 | D6: 6 | E6: 0.9001 | F6: 0.90013333 | G6: 0.90011409 | H6: 1.3502 | I6: 75.6084 | J6: OK
A7: 9 | B7: 4 | C7: 5 | D7: 5 | E7: 0.90010079 | F7: 0.90011111 | G7: 0.90010667 | H7: 1.6202 | I7: 113.4127 | J7: OK
A8: 9 | B8: 5 | C8: 4 | D8: 4 | E8: 0.9001 | F8: 0.90013333 | G8: 0.90010853 | H8: 2.0253 | I8: 113.4127 | J8: OK
A9: 9 | B9: 6 | C9: 3 | D9: 3 | E9: 0.9001 | F9: 0.9001 | G9: 0.9001 | H9: 2.7003 | I9: 75.6084 | J9: OK
A10: 9 | B10: 7 | C10: 2 | D10: 2 | E10: 0.9001 | F10: 0.90011111 | G10: 0.90010556 | H10: 4.0505 | I10: 32.4036 | J10: OK
A11: 9 | B11: 8 | C11: 1 | D11: 1 | E11: 0.9001 | F11: 0.9001 | G11: 0.9001 | H11: 8.1009 | I11: 8.1009 | J11: OK
A12: 16 | B12: 1 | C12: 15 | D12: 15 | E12: 0.9001 | F12: 0.9001875 | G12: 0.90012417 | H12: 0.9602 | I12: 14.4016 | J12: OK
A13: 16 | B13: 2 | C13: 14 | D13: 14 | E13: 0.9001 | F13: 0.90014167 | G13: 0.90011268 | H13: 1.0287 | I13: 108.0121 | J13: OK
A14: 16 | B14: 3 | C14: 13 | D14: 13 | E14: 0.9001 | F14: 0.90016875 | G14: 0.90011188 | H14: 1.1079 | I14: 504.0561 | J14: OK
A15: 16 | B15: 4 | C15: 12 | D15: 12 | E15: 0.9001 | F15: 0.90015 | G15: 0.90010969 | H15: 1.2002 | I15: 1638.1821 | J15: OK
... A133: 49 | B133: 48 | C133: 1 | D133: 1 | E133: 0.9001 | F133: 0.9001 | G133: 0.9001 | H133: 44.1049 | I133: 44.1049 | J133: OK

Sheet Validation
A1: Validation
A2: Global controls, RTP boundaries, completeness checks
A4: Control | B4: Value | C4: Target / Rule | D4: Status
A5: Target RTP | B5: =Controls!B4 | C5: >90% and <100% | D5: =IF(AND(B5>0.9,B5<1),"OK","CHECK")
A6: Total payout rows | B6: =ROWS(Payout_Table!A4:A2265) | C6: Must equal 2262 | D6: =IF(B6=2262,"OK","CHECK")
A7: Configs count | B7: =ROWS(Config_Summary!A4:A133) | C7: Must equal 130 | D7: =IF(B7=130,"OK","CHECK")
A8: Minimum actual RTP | B8: =MIN(Payout_Table!G4:G2265) | C8: >90% | D8: =IF(B8>0.9,"OK","CHECK")
A9: Maximum actual RTP | B9: =MAX(Payout_Table!G4:G2265) | C9: <100% | D9: =IF(B9<1,"OK","CHECK")
A10: Rows flagged CHECK | B10: =COUNTIF(Payout_Table!J4:J2265,"CHECK") | C10: Must equal 0 | D10: =IF(B10=0,"OK","CHECK")
A11: Configs flagged CHECK | B11: =COUNTIF(Config_Summary!J4:J133,"CHECK") | C11: Must equal 0 | D11: =IF(B11=0,"OK","CHECK")
